{
  "mappings": {
    "_default_": {
      "_all": {
        "norms": false
      },
      "_meta": {
        "version": "5.2.3"
      },
      "dynamic_templates": [
        {
          "strings_as_keyword": {
            "mapping": {
              "ignore_above": 1024,
              "type": "keyword"
            },
            "match_mapping_type": "string"
          }
        }
      ],
      "properties": {
        "@timestamp": {
          "type": "date"
        },
        "beat": {
          "properties": {
            "hostname": {
              "ignore_above": 1024,
              "type": "keyword"
            },
            "name": {
              "ignore_above": 1024,
              "type": "keyword"
            },
            "version": {
              "ignore_above": 1024,
              "type": "keyword"
            }
          }
        },
        "path": {
          "type": "text",
          "analyzer": "path_analyzer"
        },
        "size":{
          "properties": {
            "real":{
              "type": "long"
            },
            "efsmetered":{
              "type": "long"
            }
          }
        },
        "meta": {
          "properties": {
            "cloud": {
              "properties": {
                "availability_zone": {
                  "ignore_above": 1024,
                  "type": "keyword"
                },
                "instance_id": {
                  "ignore_above": 1024,
                  "type": "keyword"
                },
                "machine_type": {
                  "ignore_above": 1024,
                  "type": "keyword"
                },
                "project_id": {
                  "ignore_above": 1024,
                  "type": "keyword"
                },
                "provider": {
                  "ignore_above": 1024,
                  "type": "keyword"
                },
                "region": {
                  "ignore_above": 1024,
                  "type": "keyword"
                }
              }
            }
          }
        },
        "tags": {
          "ignore_above": 1024,
          "type": "keyword"
        }
      }
    }
  },
  "order": 0,
  "settings": {
    "index.mapping.total_fields.limit": 10000,
    "index.refresh_interval": "5s",
    "analysis": {
      "analyzer": {
        "path_analyzer": {
          "tokenizer": "path_tokenizer"
        }
      },
      "tokenizer": {
        "path_tokenizer": {
          "type": "pattern",
          "pattern": "/"
        }
      }
    }
  },
  "template": "efsbeat-*"
}